Graph,N,M,K,Seed,Cut,Epsilon,Imbalance,Time,NumNodes,NumMPIsPerNode,NumThreadsPerMPI,Cores,Timeout,Failed
144,144649,2148786,16,1,40494,0.03,0.0299746,0.213,1,1,32,32,0,0
144,144649,2148786,2,1,6656,0.03,0.0178638,0.104,1,1,32,32,0,0
144,144649,2148786,32,1,61570,0.03,0.0298607,0.293,1,1,32,32,0,0
144,144649,2148786,4,1,16586,0.03,0.0167851,0.109,1,1,32,32,0,0
144,144649,2148786,64,1,84379,0.03,0.0296329,0.386,1,1,32,32,0,0
144,144649,2148786,8,1,26908,0.03,0.0299746,0.164,1,1,32,32,0,0
3elt,4720,27444,16,1,606,0.03,0.0237288,0.111,1,1,32,32,0,0
3elt,4720,27444,2,1,90,0.03,0.00635593,0.074,1,1,32,32,0,0
3elt,4720,27444,32,1,1069,0.03,0.027027,0.096,1,1,32,32,0,0
3elt,4720,27444,4,1,210,0.03,0.00338983,0.09,1,1,32,32,0,0
3elt,4720,27444,64,1,1644,0.03,0.027027,0.098,1,1,32,32,0,0
3elt,4720,27444,8,1,384,0.03,0.0118644,0.099,1,1,32,32,0,0
4elt,15606,91756,16,1,1061,0.03,0.0184426,0.105,1,1,32,32,0,0
4elt,15606,91756,2,1,142,0.03,0.0146098,0.074,1,1,32,32,0,0
4elt,15606,91756,32,1,1660,0.03,0.0307377,0.096,1,1,32,32,0,0
4elt,15606,91756,4,1,339,0.03,0.00153767,0.086,1,1,32,32,0,0
4elt,15606,91756,64,1,2766,0.03,0.0286885,0.107,1,1,32,32,0,0
4elt,15606,91756,8,1,569,0.03,0.0102512,0.083,1,1,32,32,0,0
598a,110971,1483868,16,1,28381,0.03,0.0299885,0.174,1,1,32,32,0,0
598a,110971,1483868,2,1,2431,0.03,0.0129582,0.089,1,1,32,32,0,0
598a,110971,1483868,32,1,42307,0.03,0.0299885,0.208,1,1,32,32,0,0
598a,110971,1483868,4,1,8166,0.03,0.0132646,0.103,1,1,32,32,0,0
598a,110971,1483868,64,1,60680,0.03,0.0299885,0.285,1,1,32,32,0,0
598a,110971,1483868,8,1,16517,0.03,0.0299885,0.147,1,1,32,32,0,0
add20,2395,14924,16,1,2369,0.03,0.0333333,0.048,1,1,32,32,0,0
add20,2395,14924,2,1,648,0.03,0.0292154,0.026,1,1,32,32,0,0
add20,2395,14924,32,1,2734,0.03,0.0266667,0.049,1,1,32,32,0,0
add20,2395,14924,4,1,1194,0.03,0.0283806,0.036,1,1,32,32,0,0
add20,2395,14924,64,1,3216,0.03,0.0263158,0.052,1,1,32,32,0,0
add20,2395,14924,8,1,1846,0.03,0.03,0.043,1,1,32,32,0,0
add32,4960,18924,16,1,125,0.03,0.00322581,0.081,1,1,32,32,0,0
add32,4960,18924,2,1,10,0.03,0.000403226,0.069,1,1,32,32,0,0
add32,4960,18924,32,1,234,0.03,0.0258065,0.091,1,1,32,32,0,0
add32,4960,18924,4,1,33,0.03,0.000806452,0.094,1,1,32,32,0,0
add32,4960,18924,64,1,500,0.03,0.025641,0.097,1,1,32,32,0,0
add32,4960,18924,8,1,77,0.03,0.0016129,0.096,1,1,32,32,0,0
auto,448695,6629222,16,1,82576,0.03,0.0299886,0.331,1,1,32,32,0,0
auto,448695,6629222,2,1,10085,0.03,0.0295033,0.133,1,1,32,32,0,0
auto,448695,6629222,32,1,128602,0.03,0.0299529,0.559,1,1,32,32,0,0
auto,448695,6629222,4,1,28300,0.03,0.029998,0.157,1,1,32,32,0,0
auto,448695,6629222,64,1,182204,0.03,0.0299529,0.746,1,1,32,32,0,0
auto,448695,6629222,8,1,47757,0.03,0.0225008,0.196,1,1,32,32,0,0
bcsstk29,13992,605496,16,1,25606,0.03,0.0297143,0.113,1,1,32,32,0,0
bcsstk29,13992,605496,2,1,2992,0.03,0.00157233,0.073,1,1,32,32,0,0
bcsstk29,13992,605496,32,1,38491,0.03,0.0296804,0.123,1,1,32,32,0,0
bcsstk29,13992,605496,4,1,8604,0.03,0.0274443,0.093,1,1,32,32,0,0
bcsstk29,13992,605496,64,1,60888,0.03,0.0273973,0.143,1,1,32,32,0,0
bcsstk29,13992,605496,8,1,15581,0.03,0.0297313,0.104,1,1,32,32,0,0
bcsstk30,28924,2014568,16,1,74767,0.03,0.0298673,0.149,1,1,32,32,0,0
bcsstk30,28924,2014568,2,1,6527,0.03,0.00684553,0.073,1,1,32,32,0,0
bcsstk30,28924,2014568,32,1,123970,0.03,0.0309735,0.175,1,1,32,32,0,0
bcsstk30,28924,2014568,4,1,16728,0.03,0.0145208,0.101,1,1,32,32,0,0
bcsstk30,28924,2014568,64,1,184253,0.03,0.0287611,0.221,1,1,32,32,0,0
bcsstk30,28924,2014568,8,1,38033,0.03,0.0295907,0.124,1,1,32,32,0,0
bcsstk31,35588,1145828,16,1,25513,0.03,0.0314607,0.104,1,1,32,32,0,0
bcsstk31,35588,1145828,2,1,2676,0.03,0.0234911,0.058,1,1,32,32,0,0
bcsstk31,35588,1145828,32,1,42066,0.03,0.0296496,0.124,1,1,32,32,0,0
bcsstk31,35588,1145828,4,1,7805,0.03,0.0289985,0.069,1,1,32,32,0,0
bcsstk31,35588,1145828,64,1,63013,0.03,0.0287253,0.177,1,1,32,32,0,0
bcsstk31,35588,1145828,8,1,14259,0.03,0.0276467,0.075,1,1,32,32,0,0
bcsstk32,44609,1970092,16,1,39782,0.03,0.0297598,0.113,1,1,32,32,0,0
bcsstk32,44609,1970092,2,1,4796,0.03,0.0213853,0.048,1,1,32,32,0,0
bcsstk32,44609,1970092,32,1,66334,0.03,0.0293907,0.139,1,1,32,32,0,0
bcsstk32,44609,1970092,4,1,11633,0.03,0.0234914,0.076,1,1,32,32,0,0
bcsstk32,44609,1970092,64,1,105587,0.03,0.0286533,0.21,1,1,32,32,0,0
bcsstk32,44609,1970092,8,1,22984,0.03,0.0299444,0.108,1,1,32,32,0,0
bcsstk33,8738,583166,16,1,58140,0.03,0.0292505,0.136,1,1,32,32,0,0
bcsstk33,8738,583166,2,1,10069,0.03,0.0247196,0.072,1,1,32,32,0,0
bcsstk33,8738,583166,32,1,80661,0.03,0.0291971,0.133,1,1,32,32,0,0
bcsstk33,8738,583166,4,1,22143,0.03,0.0297483,0.094,1,1,32,32,0,0
bcsstk33,8738,583166,64,1,112458,0.03,0.0364964,0.163,1,1,32,32,0,0
bcsstk33,8738,583166,8,1,36283,0.03,0.0301921,0.118,1,1,32,32,0,0
brack2,62631,733118,16,1,12474,0.03,0.0298851,0.113,1,1,32,32,0,0
brack2,62631,733118,2,1,695,0.03,0.0273343,0.051,1,1,32,32,0,0
brack2,62631,733118,32,1,19208,0.03,0.0296221,0.133,1,1,32,32,0,0
brack2,62631,733118,4,1,3373,0.03,0.0298889,0.077,1,1,32,32,0,0
brack2,62631,733118,64,1,27969,0.03,0.0296221,0.169,1,1,32,32,0,0
brack2,62631,733118,8,1,7562,0.03,0.0298889,0.094,1,1,32,32,0,0
crack,10240,60760,16,1,1192,0.03,0.0296875,0.087,1,1,32,32,0,0
crack,10240,60760,2,1,192,0.03,0,0.059,1,1,32,32,0,0
crack,10240,60760,32,1,1816,0.03,0.028125,0.102,1,1,32,32,0,0
crack,10240,60760,4,1,375,0.03,0.00195312,0.08,1,1,32,32,0,0
crack,10240,60760,64,1,2729,0.03,0.025,0.1,1,1,32,32,0,0
crack,10240,60760,8,1,770,0.03,0.0101563,0.089,1,1,32,32,0,0
cs4,22499,87716,16,1,2392,0.03,0.0248756,0.089,1,1,32,32,0,0
cs4,22499,87716,2,1,390,0.03,0.0217778,0.068,1,1,32,32,0,0
cs4,22499,87716,32,1,3288,0.03,0.0298295,0.106,1,1,32,32,0,0
cs4,22499,87716,4,1,1049,0.03,0.0195556,0.083,1,1,32,32,0,0
cs4,22499,87716,64,1,4443,0.03,0.0284091,0.121,1,1,32,32,0,0
cs4,22499,87716,8,1,1634,0.03,0.0266619,0.078,1,1,32,32,0,0
cti,16840,96464,16,1,3122,0.03,0.0294397,0.078,1,1,32,32,0,0
cti,16840,96464,2,1,338,0.03,0.0023753,0.048,1,1,32,32,0,0
cti,16840,96464,32,1,4278,0.03,0.028463,0.095,1,1,32,32,0,0
cti,16840,96464,4,1,1058,0.03,0.0166271,0.065,1,1,32,32,0,0
cti,16840,96464,64,1,5933,0.03,0.0265152,0.106,1,1,32,32,0,0
cti,16840,96464,8,1,1904,0.03,0.0299287,0.078,1,1,32,32,0,0
data,2851,30186,16,1,1242,0.03,0.0223464,0.034,1,1,32,32,0,0
data,2851,30186,2,1,192,0.03,0.0280505,0.026,1,1,32,32,0,0
data,2851,30186,32,1,2022,0.03,0.0222222,0.04,1,1,32,32,0,0
data,2851,30186,4,1,430,0.03,0.029453,0.03,1,1,32,32,0,0
data,2851,30186,64,1,2983,0.03,0.0222222,0.048,1,1,32,32,0,0
data,2851,30186,8,1,788,0.03,0.022409,0.032,1,1,32,32,0,0
fe_4elt2,11143,65636,16,1,1112,0.03,0.0286944,0.1,1,1,32,32,0,0
fe_4elt2,11143,65636,2,1,130,0.03,0,0.068,1,1,32,32,0,0
fe_4elt2,11143,65636,32,1,1718,0.03,0.0286533,0.102,1,1,32,32,0,0
fe_4elt2,11143,65636,4,1,357,0.03,0.000358938,0.078,1,1,32,32,0,0
fe_4elt2,11143,65636,64,1,2655,0.03,0.0285714,0.116,1,1,32,32,0,0
fe_4elt2,11143,65636,8,1,628,0.03,0.0143575,0.084,1,1,32,32,0,0
fe_body,44775,327468,16,1,2046,0.03,0.0292962,0.082,1,1,32,32,0,0
fe_body,44775,327468,2,1,275,0.03,0.00281401,0.054,1,1,32,32,0,0
fe_body,44775,327468,32,1,3180,0.03,0.03,0.091,1,1,32,32,0,0
fe_body,44775,327468,4,1,670,0.03,0.0273361,0.067,1,1,32,32,0,0
fe_body,44775,327468,64,1,5233,0.03,0.03,0.11,1,1,32,32,0,0
fe_body,44775,327468,8,1,1175,0.03,0.0285867,0.082,1,1,32,32,0,0
fe_ocean,143437,819186,16,1,8768,0.03,0.0331288,0.144,1,1,32,32,0,0
fe_ocean,143437,819186,2,1,362,0.03,0.0217794,0.079,1,1,32,32,0,0
fe_ocean,143437,819186,32,1,14646,0.03,0.0298907,0.184,1,1,32,32,0,0
fe_ocean,143437,819186,4,1,1974,0.03,0.0195761,0.094,1,1,32,32,0,0
fe_ocean,143437,819186,64,1,22127,0.03,0.029884,0.218,1,1,32,32,0,0
fe_ocean,143437,819186,8,1,4620,0.03,0.029894,0.103,1,1,32,32,0,0
fe_pwt,36463,289588,16,1,2950,0.03,0.0298376,0.075,1,1,32,32,0,0
fe_pwt,36463,289588,2,1,357,0.03,0,0.047,1,1,32,32,0,0
fe_pwt,36463,289588,32,1,5756,0.03,0.0315789,0.094,1,1,32,32,0,0
fe_pwt,36463,289588,4,1,747,0.03,0.0152479,0.063,1,1,32,32,0,0
fe_pwt,36463,289588,64,1,8796,0.03,0.0298246,0.13,1,1,32,32,0,0
fe_pwt,36463,289588,8,1,1590,0.03,0.01448,0.075,1,1,32,32,0,0
fe_rotor,99617,1324862,16,1,21659,0.03,0.0298699,0.141,1,1,32,32,0,0
fe_rotor,99617,1324862,2,1,1983,0.03,0.0252766,0.054,1,1,32,32,0,0
fe_rotor,99617,1324862,32,1,34067,0.03,0.0298651,0.186,1,1,32,32,0,0
fe_rotor,99617,1324862,4,1,7821,0.03,0.0262196,0.104,1,1,32,32,0,0
fe_rotor,99617,1324862,64,1,49720,0.03,0.029544,0.243,1,1,32,32,0,0
fe_rotor,99617,1324862,8,1,14249,0.03,0.0289087,0.136,1,1,32,32,0,0
fe_sphere,16386,98304,16,1,1959,0.03,0.0292683,0.089,1,1,32,32,0,0
fe_sphere,16386,98304,2,1,418,0.03,0,0.051,1,1,32,32,0,0
fe_sphere,16386,98304,32,1,2815,0.03,0.0292398,0.081,1,1,32,32,0,0
fe_sphere,16386,98304,4,1,832,0.03,0.0051257,0.072,1,1,32,32,0,0
fe_sphere,16386,98304,64,1,3994,0.03,0.0272374,0.097,1,1,32,32,0,0
fe_sphere,16386,98304,8,1,1285,0.03,0.0297706,0.065,1,1,32,32,0,0
fe_tooth,78136,905182,16,1,19520,0.03,0.0298935,0.151,1,1,32,32,0,0
fe_tooth,78136,905182,2,1,4037,0.03,0.0296918,0.053,1,1,32,32,0,0
fe_tooth,78136,905182,32,1,27115,0.03,0.0298935,0.168,1,1,32,32,0,0
fe_tooth,78136,905182,4,1,8209,0.03,0.00977782,0.093,1,1,32,32,0,0
fe_tooth,78136,905182,64,1,37416,0.03,0.029484,0.215,1,1,32,32,0,0
fe_tooth,78136,905182,8,1,12802,0.03,0.029999,0.119,1,1,32,32,0,0
finan512,74752,522240,16,1,1458,0.03,0.000428082,0.105,1,1,32,32,0,0
finan512,74752,522240,2,1,162,0.03,2.67551e-05,0.079,1,1,32,32,0,0
finan512,74752,522240,32,1,2592,0.03,0.00128425,0.119,1,1,32,32,0,0
finan512,74752,522240,4,1,324,0.03,0.000160531,0.091,1,1,32,32,0,0
finan512,74752,522240,64,1,11021,0.03,0.0188356,0.135,1,1,32,32,0,0
finan512,74752,522240,8,1,729,0.03,0.000107021,0.105,1,1,32,32,0,0
m14b,214765,3358036,16,1,47440,0.03,0.0299486,0.252,1,1,32,32,0,0
m14b,214765,3358036,2,1,3945,0.03,0.0245942,0.108,1,1,32,32,0,0
m14b,214765,3358036,32,1,71783,0.03,0.0299464,0.351,1,1,32,32,0,0
m14b,214765,3358036,4,1,13311,0.03,0.0299486,0.123,1,1,32,32,0,0
m14b,214765,3358036,64,1,105790,0.03,0.0297974,0.444,1,1,32,32,0,0
m14b,214765,3358036,8,1,27227,0.03,0.0259257,0.197,1,1,32,32,0,0
memplus,17758,108392,16,1,14509,0.03,0.0306306,0.101,1,1,32,32,0,0
memplus,17758,108392,2,1,5743,0.03,0.00394189,0.057,1,1,32,32,0,0
memplus,17758,108392,32,1,16072,0.03,0.0306306,0.119,1,1,32,32,0,0
memplus,17758,108392,4,1,10000,0.03,0.0297297,0.086,1,1,32,32,0,0
memplus,17758,108392,64,1,18321,0.03,0.028777,0.137,1,1,32,32,0,0
memplus,17758,108392,8,1,12570,0.03,0.0292793,0.102,1,1,32,32,0,0
t60k,60005,178880,16,1,985,0.03,0.0266596,0.102,1,1,32,32,0,0
t60k,60005,178880,2,1,85,0.03,0.0276639,0.069,1,1,32,32,0,0
t60k,60005,178880,32,1,1568,0.03,0.0298507,0.108,1,1,32,32,0,0
t60k,60005,178880,4,1,237,0.03,0.027263,0.077,1,1,32,32,0,0
t60k,60005,178880,64,1,2454,0.03,0.0298507,0.11,1,1,32,32,0,0
t60k,60005,178880,8,1,517,0.03,0.0201306,0.084,1,1,32,32,0,0
uk,4824,13674,16,1,187,0.03,0.0298013,0.092,1,1,32,32,0,0
uk,4824,13674,2,1,19,0.03,0.0236318,0.096,1,1,32,32,0,0
uk,4824,13674,32,1,306,0.03,0.0264901,0.085,1,1,32,32,0,0
uk,4824,13674,4,1,42,0.03,0.0232172,0.08,1,1,32,32,0,0
uk,4824,13674,64,1,473,0.03,0.0263158,0.108,1,1,32,32,0,0
uk,4824,13674,8,1,96,0.03,0.026534,0.102,1,1,32,32,0,0
vibrobox,12328,330500,16,1,35256,0.03,0.0311284,0.137,1,1,32,32,0,0
vibrobox,12328,330500,2,1,11538,0.03,0,0.091,1,1,32,32,0,0
vibrobox,12328,330500,32,1,42694,0.03,0.0284974,0.142,1,1,32,32,0,0
vibrobox,12328,330500,4,1,19752,0.03,0.0298507,0.106,1,1,32,32,0,0
vibrobox,12328,330500,64,1,50933,0.03,0.0310881,0.156,1,1,32,32,0,0
vibrobox,12328,330500,8,1,25514,0.03,0.0298507,0.122,1,1,32,32,0,0
wave,156317,2118662,16,1,45786,0.03,0.0298874,0.205,1,1,32,32,0,0
wave,156317,2118662,2,1,8707,0.03,0.0250899,0.097,1,1,32,32,0,0
wave,156317,2118662,32,1,66089,0.03,0.0298874,0.303,1,1,32,32,0,0
wave,156317,2118662,4,1,18116,0.03,0.0299898,0.123,1,1,32,32,0,0
wave,156317,2118662,64,1,90059,0.03,0.0298813,0.367,1,1,32,32,0,0
wave,156317,2118662,8,1,31691,0.03,0.0299898,0.186,1,1,32,32,0,0
whitaker3,9800,57978,16,1,1184,0.03,0.0293638,0.097,1,1,32,32,0,0
whitaker3,9800,57978,2,1,133,0.03,0.000204082,0.066,1,1,32,32,0,0
whitaker3,9800,57978,32,1,1780,0.03,0.029316,0.104,1,1,32,32,0,0
whitaker3,9800,57978,4,1,397,0.03,0.000408163,0.07,1,1,32,32,0,0
whitaker3,9800,57978,64,1,2698,0.03,0.025974,0.107,1,1,32,32,0,0
whitaker3,9800,57978,8,1,700,0.03,0.00571429,0.087,1,1,32,32,0,0
wing,62032,243088,16,1,4408,0.03,0.02992,0.115,1,1,32,32,0,0
wing,62032,243088,2,1,890,0.03,0.000741553,0.075,1,1,32,32,0,0
wing,62032,243088,32,1,6374,0.03,0.0299123,0.151,1,1,32,32,0,0
wing,62032,243088,4,1,1781,0.03,0.0105752,0.098,1,1,32,32,0,0
wing,62032,243088,64,1,8703,0.03,0.0298969,0.16,1,1,32,32,0,0
wing,62032,243088,8,1,2893,0.03,0.0252773,0.101,1,1,32,32,0,0
wing_nodal,10937,150976,16,1,8796,0.03,0.0292398,0.097,1,1,32,32,0,0
wing_nodal,10937,150976,2,1,1716,0.03,0.0228561,0.062,1,1,32,32,0,0
wing_nodal,10937,150976,32,1,12474,0.03,0.0292398,0.119,1,1,32,32,0,0
wing_nodal,10937,150976,4,1,3681,0.03,0.0299817,0.085,1,1,32,32,0,0
wing_nodal,10937,150976,64,1,16656,0.03,0.0350877,0.147,1,1,32,32,0,0
wing_nodal,10937,150976,8,1,5830,0.03,0.0314327,0.098,1,1,32,32,0,0
